{
    "show": true,
    "active": true,
    "child_frame_id": "above_pose_2",
    "parent_frame_id": "floor",
    "transform": {
        "translation": {
            "x": 0.2635804932204516,
            "y": -0.2984923693075152,
            "z": 0.7048947947176827
        },
        "rotation": {
            "x": 6.206846034912547e-05,
            "y": 1.4174408489015527e-05,
            "z": -0.7070890285626239,
            "w": 0.7071245304986649
        }
    },
    "preferred_joint_configuration": {
        "j0": -1.1828535238849085,
        "j1": -0.5393044513515015,
        "j2": 1.716792408620016,
        "j3": -2.7482100925841273,
        "j4": -1.5706928412066858,
        "j5": 0.38787341117858887
    }
}