{
    "show": true,
    "active": true,
    "child_frame_id": "above_pose_1",
    "parent_frame_id": "floor",
    "transform": {
        "translation": {
            "x": -0.1805777588017492,
            "y": -0.42118486892581053,
            "z": 0.8276494070667974
        },
        "rotation": {
            "x": 0.0028677178772184555,
            "y": 0.02397912057148251,
            "z": 0.7329784361901773,
            "w": -0.6798230578988897
        }
    },
    "preferred_joint_configuration": {
        "j0": -2.2955222765551966,
        "j1": -0.4982885879329224,
        "j2": 1.3960569540606897,
        "j3": -2.4789868793883265,
        "j4": -1.5236285368548792,
        "j5": -0.6492865721331995
    }
}