{
    "show": true,
    "active": true,
    "child_frame_id": "home_pose",
    "parent_frame_id": "floor",
    "transform": {
        "translation": {
            "x": 0.13110029362565545,
            "y": -0.2985229334510713,
            "z": 1.0202788800293237
        },
        "rotation": {
            "x": 9.34011670313851e-05,
            "y": 1.719775588448413e-05,
            "z": -0.7070986591605548,
            "w": 0.7071148967415442
        }
    },
    "preferred_joint_configuration": {
        "j0": -1.5707271734820765,
        "j1": -1.5706935685924073,
        "j2": 1.5707300345050257,
        "j3": -1.5706763886303925,
        "j4": -1.570688549672262,
        "j5": 2.7000904083251953e-05
    }
}