{
    "show": true,
    "active": true,
    "child_frame_id": "pose_2",
    "parent_frame_id": "floor",
    "transform": {
        "translation": {
            "x": 0.2636035889890074,
            "y": -0.2984675724141462,
            "z": 0.6588607358963512
        },
        "rotation": {
            "x": 7.080500703036746e-05,
            "y": 2.0204205613046813e-05,
            "z": -0.7070481650165045,
            "w": 0.7071653886646566
        }
    },
    "preferred_joint_configuration": {
        "j0": -1.1827800909625452,
        "j1": -0.3603057426265259,
        "j2": 1.6322110334979456,
        "j3": -2.8426095447936,
        "j4": -1.570681397114889,
        "j5": 0.38783127069473267
    }
}