{
    "show": true,
    "active": true,
    "child_frame_id": "pose_1",
    "parent_frame_id": "floor",
    "transform": {
        "translation": {
            "x": 0.2124414996610278,
            "y": -0.29852471303666683,
            "z": 1.0101838304778779
        },
        "rotation": {
            "x": 5.3265622729309e-05,
            "y": -7.312298964001026e-06,
            "z": -0.7070849926708087,
            "w": 0.707128566986956
        }
    },
    "preferred_joint_configuration": {
        "j0": -1.3181565443622034,
        "j1": -1.3903642755797883,
        "j2": 1.4192903677569788,
        "j3": -1.5997034511961878,
        "j4": -1.5706232229815882,
        "j5": 0.2525451183319092
    }
}