{
    "show": true,
    "active": false,
    "child_frame_id": "test_asdf",
    "parent_frame_id": "floor",
    "transform": {
        "translation": {
            "x": 0.26981968265411443,
            "y": -0.2985151762178913,
            "z": 0.9358719646321024
        },
        "rotation": {
            "x": 0.13010619592156272,
            "y": -0.13002909752776162,
            "z": -0.69502079414276,
            "w": 0.6950618010566422
        }
    },
    "preferred_joint_configuration": {
        "j0": 0.0,
        "j1": -1.5707,
        "j2": 1.5707,
        "j3": -1.5707,
        "j4": -1.5707,
        "j5": 0.0
    }
}