{
    "show": true,
    "active": false,
    "child_frame_id": "pose_2",
    "parent_frame_id": "floor",
    "transform": {
        "translation": {
            "x": -0.025168799336074174,
            "y": -0.2985337826597901,
            "z": 1.0101445329452399
        },
        "rotation": {
            "x": -7.451911816517899e-05,
            "y": -2.6701282398377263e-06,
            "z": 0.7071070440813627,
            "w": -0.707106514359958
        }
    },
    "preferred_joint_configuration": {
        "j0": -2.107672993336813,
        "j1": -1.6898943386473597,
        "j2": 1.7293875853167933,
        "j3": -1.6101438007750453,
        "j4": -1.5707648436175745,
        "j5": -0.5368951002704065
    }
}