{
    "show": true,
    "active": false,
    "child_frame_id": "pick_pos_1",
    "parent_frame_id": "floor",
    "transform": {
        "translation": {
            "x": -0.09362525304194494,
            "y": -0.42403615990839594,
            "z": 0.7264806240273685
        },
        "rotation": {
            "x": -5.7552916245931835e-05,
            "y": -5.585682381716206e-05,
            "z": 0.9999970145435794,
            "w": -0.002442226771849898
        }
    },
    "preferred_joint_configuration": {
        "j0": -2.094698731099264,
        "j1": -0.5430136483958741,
        "j2": 1.5149858633624476,
        "j3": -2.5426141224303187,
        "j4": -1.5707529226886194,
        "j5": 1.0419902801513672
    }
}