{
    "show": true,
    "active": true,
    "child_frame_id": "place_pos_1",
    "parent_frame_id": "floor",
    "transform": {
        "translation": {
            "x": 0.17451529330867982,
            "y": -0.359781841133459,
            "z": 0.6596910807614702
        },
        "rotation": {
            "x": -0.015334608656322237,
            "y": -0.015849321422424695,
            "z": 0.9728011058604396,
            "w": 0.23058980294998357
        }
    },
    "preferred_joint_configuration": {
        "j0": -1.4816983381854456,
        "j1": -0.36497290552172856,
        "j2": 1.6178463141070765,
        "j3": -2.8032876453795375,
        "j4": -1.5316746870623987,
        "j5": 2.1249592304229736
    }
}